Stdev,BICESS_mean,AICESS_mean,Elbow_mean,BICESS_std,AICESS_std,Elbow_std
0.5,4.96,5,395,0.195959179,0,0
1,4.52,5,395,0.49959984,0,0
1.5,4.36,4.56,285.2,0.48,0.496386946,176.0727123
2,4.52,4.52,97.68,0.49959984,0.49959984,167.0888913
2.5,4.8,4.56,52.12,0.489897949,0.496386946,126.6482752
3,4.72,4.24,3.96,0.530659966,0.42708313,1.427725464
3.5,5.08,3.88,3.4,0.391918359,0.324961536,2.13541565
4,5.48,3.68,4.04,0.85416626,0.61449166,2.323445717